Instance,Language,Backtracking_Cliques,Backtracking_Time_ms,Greedy_Cliques,Greedy_Time_ms
small\random\random_v10_e19_s2.txt,C++,4,0.0267,4,0.0031
small\random\random_v10_e19_s2.txt,Java,4,0.0609,4,0.0555
small\random\random_v10_e19_s2.txt,Python,4,0.07,5,0.03
small\random\random_v10_e10_s1.txt,C++,6,0.0185,6,0.0029
small\random\random_v10_e10_s1.txt,Java,6,0.0794,6,0.0617
small\random\random_v10_e10_s1.txt,Python,6,0.16,6,0.04
small\random\random_v10_e37_s1.txt,C++,2,0.0091,3,0.0034
small\random\random_v10_e37_s1.txt,Java,2,0.0578,3,0.0564
small\random\random_v10_e37_s1.txt,Python,2,0.03,3,0.05
small\random\random_v10_e32_s0.txt,C++,3,0.0085,4,0.003
small\random\random_v10_e32_s0.txt,Java,3,0.1133,4,0.3086
small\random\random_v10_e32_s0.txt,Python,3,0.09,4,0.03
small\hard\hard_v20_e118_s0.txt,C++,4,1.0012,6,0.006
small\hard\hard_v20_e118_s0.txt,Java,4,1.1155,6,0.0787
small\hard\hard_v20_e118_s0.txt,Python,4,6.79,6,0.06
small\random\random_v10_e19_s0.txt,C++,4,0.0292,4,0.0015
small\random\random_v10_e19_s0.txt,Java,4,0.134,4,0.0591
small\random\random_v10_e19_s0.txt,Python,4,0.04,5,0.03
small\hard\hard_v10_e34_s1.txt,C++,3,0.0098,4,0.0029
small\hard\hard_v10_e34_s1.txt,Java,3,0.0676,4,0.0581
small\hard\hard_v10_e34_s1.txt,Python,3,0.07,3,0.04
small\hard\hard_v10_e28_s0.txt,C++,3,0.0132,4,0.0026
small\hard\hard_v10_e28_s0.txt,Java,3,0.057,4,0.0889
small\hard\hard_v10_e28_s0.txt,Python,3,0.06,4,0.03
small\random\random_v10_e28_s1.txt,C++,3,0.0115,4,0.0026
small\random\random_v10_e28_s1.txt,Java,3,0.055,4,0.0598
small\random\random_v10_e28_s1.txt,Python,3,0.04,5,0.03
small\random\random_v10_e34_s2.txt,C++,3,0.0059,3,0.0013
small\random\random_v10_e34_s2.txt,Java,3,0.0544,3,0.0554
small\random\random_v10_e34_s2.txt,Python,3,0.05,3,0.03
small\hard\hard_v20_e136_s2.txt,C++,4,2.0667,4,0.0067
small\hard\hard_v20_e136_s2.txt,Java,4,0.1332,4,0.0986
small\hard\hard_v20_e136_s2.txt,Python,4,0.23,5,0.06
small\hard\hard_v10_e31_s2.txt,C++,3,0.011,3,0.0028
small\hard\hard_v10_e31_s2.txt,Java,3,0.0735,3,0.0557
small\hard\hard_v10_e31_s2.txt,Python,3,0.07,4,0.04
small\hard\hard_v20_e144_s1.txt,C++,4,4.6252,4,0.0064
small\hard\hard_v20_e144_s1.txt,Java,4,0.3341,4,0.0851
small\hard\hard_v20_e144_s1.txt,Python,4,0.45,5,0.06
small\hard\hard_v30_e303_s2.txt,C++,4,57.3866,6,0.0123
small\hard\hard_v30_e303_s2.txt,Java,4,1.0451,6,0.1303
small\hard\hard_v30_e303_s2.txt,Python,4,10.97,6,0.1
small\hard\hard_v30_e305_s1.txt,C++,4,129.8999,6,0.0177
small\hard\hard_v30_e305_s1.txt,Java,4,2.5043,6,0.1335
small\hard\hard_v30_e305_s1.txt,Python,4,31.53,8,0.1
small\random\random_v10_e3_s0.txt,C++,8,0.0107,8,0.0035
small\random\random_v10_e3_s0.txt,Java,8,0.0782,8,0.0619
small\random\random_v10_e3_s0.txt,Python,8,0.13,9,0.04
small\random\random_v20_e145_s0.txt,C++,3,0.2462,4,0.0058
small\random\random_v20_e145_s0.txt,Java,3,0.1317,4,0.0829
small\random\random_v20_e145_s0.txt,Python,3,0.25,5,0.06
small\random\random_v10_e8_s2.txt,C++,6,0.0149,7,0.0031
small\random\random_v10_e8_s2.txt,Java,6,0.091,7,0.0571
small\random\random_v10_e8_s2.txt,Python,6,0.15,7,0.04
small\random\random_v20_e152_s2.txt,C++,3,0.1018,4,0.0057
small\random\random_v20_e152_s2.txt,Java,3,0.6697,4,0.0876
small\random\random_v20_e152_s2.txt,Python,3,3.87,4,0.06
small\random\random_v20_e32_s0.txt,C++,10,10.5811,11,0.0086
small\random\random_v20_e32_s0.txt,Java,10,0.3723,11,0.1249
small\random\random_v20_e32_s0.txt,Python,10,1.4,13,0.08
small\random\random_v20_e38_s1.txt,C++,9,4.3715,10,0.011
small\random\random_v20_e38_s1.txt,Java,9,4.2933,10,0.0968
small\random\random_v20_e38_s1.txt,Python,9,16.44,11,0.08
small\random\random_v20_e93_s2.txt,C++,6,16.6658,6,0.0081
small\random\random_v20_e93_s2.txt,Java,6,3.377,6,0.09
small\random\random_v20_e93_s2.txt,Python,6,3.16,8,0.06
small\random\random_v20_e40_s2.txt,C++,10,15.3166,11,0.0082
small\random\random_v20_e40_s2.txt,Java,10,3.0612,11,0.1123
small\random\random_v20_e40_s2.txt,Python,10,43.05,12,0.08
small\random\random_v30_e345_s1.txt,C++,4,44.3427,4,0.0068
small\random\random_v30_e345_s1.txt,Java,4,2.4188,4,0.1048
small\random\random_v30_e345_s1.txt,Python,4,33.78,5,0.09
small\structured\structured_v10_e42_s1.txt,C++,3,0.0104,3,0.0027
small\structured\structured_v10_e42_s1.txt,Java,3,0.0488,3,0.0474
small\structured\structured_v10_e42_s1.txt,Python,3,0.03,4,0.04
small\structured\structured_v10_e44_s2.txt,C++,3,0.0145,3,0.0024
small\structured\structured_v10_e44_s2.txt,Java,3,0.0336,3,0.0513
small\structured\structured_v10_e44_s2.txt,Python,3,0.03,3,0.04
small\structured\structured_v10_e53_s0.txt,C++,3,0.0252,3,0.0026
small\structured\structured_v10_e53_s0.txt,Java,3,0.0398,3,0.0553
small\structured\structured_v10_e53_s0.txt,Python,3,0.03,3,0.03
small\random\random_v30_e84_s0.txt,C++,11,264.6622,11,0.0205
small\random\random_v30_e84_s0.txt,Java,11,14.1472,11,0.1597
small\random\random_v30_e84_s0.txt,Python,11,9.45,16,0.19
small\structured\structured_v20_e200_s0.txt,C++,3,0.0662,3,0.0056
small\structured\structured_v20_e200_s0.txt,Java,3,0.038,3,0.0691
small\structured\structured_v20_e200_s0.txt,Python,3,0.05,3,0.05
small\random\random_v20_e154_s1.txt,C++,4,44.2841,4,0.0078
small\random\random_v20_e154_s1.txt,Java,4,3.607,4,0.0871
small\random\random_v20_e154_s1.txt,Python,4,53.67,4,0.06
small\random\random_v20_e93_s1.txt,C++,6,45.5009,8,0.0061
small\random\random_v20_e93_s1.txt,Java,6,2.4622,8,0.14
small\random\random_v20_e93_s1.txt,Python,6,39.01,9,0.07
small\structured\structured_v20_e204_s1.txt,C++,3,0.0234,3,0.0055
small\structured\structured_v20_e204_s1.txt,Java,3,0.0408,3,0.0658
small\structured\structured_v20_e204_s1.txt,Python,3,0.05,3,0.05
small\structured\structured_v20_e204_s2.txt,C++,3,0.0151,3,0.0051
small\structured\structured_v20_e204_s2.txt,Java,3,0.0397,3,0.0714
small\structured\structured_v20_e204_s2.txt,Python,3,0.05,4,0.06
small\structured\structured_v30_e345_s0.txt,C++,4,0.5878,5,0.0098
small\structured\structured_v30_e345_s0.txt,Java,4,0.0813,5,0.1068
small\structured\structured_v30_e345_s0.txt,Python,4,0.12,7,0.09
small\structured\structured_v30_e345_s1.txt,C++,3,0.0703,3,0.0081
small\structured\structured_v30_e345_s1.txt,Java,3,0.0548,3,0.1193
small\structured\structured_v30_e345_s1.txt,Python,3,0.08,7,0.1
small\structured\structured_v30_e339_s2.txt,C++,4,1.0405,5,0.01
small\structured\structured_v30_e339_s2.txt,Java,4,0.1041,5,0.1039
small\structured\structured_v30_e339_s2.txt,Python,4,0.18,8,0.1
small\random\random_v20_e88_s0.txt,C++,7,125.5479,7,0.0067
small\random\random_v20_e88_s0.txt,Java,7,6.4277,7,0.0873
small\random\random_v20_e88_s0.txt,Python,7,14.22,8,0.07
small\hard\hard_v30_e281_s0.txt,C++,5,1350.9989,8,0.0129
small\hard\hard_v30_e281_s0.txt,Java,5,22.6897,8,0.1593
small\hard\hard_v30_e281_s0.txt,Python,5,903.61,9,0.11
small\random\random_v30_e216_s2.txt,C++,7,2226.1307,8,0.0121
small\random\random_v30_e216_s2.txt,Java,7,7.1974,8,0.119
small\random\random_v30_e216_s2.txt,Python,7,266.31,9,0.11
small\random\random_v30_e218_s1.txt,C++,7,3017.7358,10,0.0117
small\random\random_v30_e218_s1.txt,Java,7,22.9495,10,0.1277
small\random\random_v30_e218_s1.txt,Python,7,931.52,10,0.12
small\random\random_v30_e338_s0.txt,C++,4,276.1408,6,0.0109
small\random\random_v30_e338_s0.txt,Java,4,91.4409,6,0.1211
small\random\random_v30_e338_s0.txt,Python,4,3706.15,7,0.1
small\random\random_v30_e348_s2.txt,C++,4,49.5207,5,0.0091
small\random\random_v30_e348_s2.txt,Java,4,85.3708,5,0.1337
small\random\random_v30_e348_s2.txt,Python,4,5034.0,6,0.09
small\random\random_v30_e86_s1.txt,C++,13,7604.7733,15,0.0157
small\random\random_v30_e86_s1.txt,Java,13,20.776,15,0.1907
small\random\random_v30_e86_s1.txt,Python,13,869.94,17,0.14
small\random\random_v30_e213_s0.txt,C++,,,,
small\random\random_v30_e213_s0.txt,Java,7,4.0708,9,0.1288
small\random\random_v30_e213_s0.txt,Python,7,68.84,9,0.1
medium\hard\hard_v40_e509_s0.txt,C++,,,,
medium\hard\hard_v40_e509_s0.txt,Java,6,20.8599,8,0.3599
medium\hard\hard_v40_e509_s0.txt,Python,6,887.98,9,0.15
medium\hard\hard_v40_e553_s2.txt,C++,5,5168.8229,7,0.015
medium\hard\hard_v40_e553_s2.txt,Java,5,164.759,7,0.169
medium\hard\hard_v40_e553_s2.txt,Python,5,10570.8,8,0.21
small\random\random_v30_e84_s2.txt,C++,13,11272.0846,13,0.0141
small\random\random_v30_e84_s2.txt,Java,13,122.2615,13,0.1742
small\random\random_v30_e84_s2.txt,Python,13,7951.76,15,0.13
medium\random\random_v40_e624_s2.txt,C++,4,747.4136,6,0.0137
medium\random\random_v40_e624_s2.txt,Java,4,38.4135,6,0.1525
medium\random\random_v40_e624_s2.txt,Python,4,1848.91,6,0.14
medium\hard\hard_v40_e547_s1.txt,C++,,,,
medium\hard\hard_v40_e547_s1.txt,Java,6,1233.5815,6,0.1401
medium\hard\hard_v40_e547_s1.txt,Python,,,,
medium\random\random_v40_e162_s0.txt,C++,,,,
medium\random\random_v40_e162_s0.txt,Java,15,239.5868,18,0.2709
medium\random\random_v40_e162_s0.txt,Python,,,,
medium\random\random_v40_e150_s2.txt,C++,,,,
medium\random\random_v40_e150_s2.txt,Java,15,1399.133,17,0.2308
medium\random\random_v40_e150_s2.txt,Python,,,,
medium\random\random_v40_e625_s0.txt,C++,,,,
medium\random\random_v40_e625_s0.txt,Java,5,53.3734,6,0.1693
medium\random\random_v40_e625_s0.txt,Python,5,2684.43,7,0.15
medium\random\random_v40_e389_s2.txt,C++,,,,
medium\random\random_v40_e389_s2.txt,Java,8,829.7924,11,0.1968
medium\random\random_v40_e389_s2.txt,Python,,,,
medium\random\random_v40_e378_s1.txt,C++,,,,
medium\random\random_v40_e378_s1.txt,Java,9,4955.4781,11,0.2067
medium\random\random_v40_e378_s1.txt,Python,,,,
medium\random\random_v40_e617_s1.txt,C++,,,,
medium\random\random_v40_e617_s1.txt,Java,5,241.3209,6,0.1741
medium\random\random_v40_e617_s1.txt,Python,5,12821.19,7,0.15
medium\hard\hard_v60_e1122_s0.txt,C++,,,,
medium\hard\hard_v60_e1122_s0.txt,Java,,,,
medium\hard\hard_v60_e1122_s0.txt,Python,,,,
medium\hard\hard_v60_e1184_s1.txt,C++,,,,
medium\hard\hard_v60_e1184_s1.txt,Java,,,,
medium\hard\hard_v60_e1184_s1.txt,Python,,,,
medium\hard\hard_v60_e1277_s2.txt,C++,,,,
medium\hard\hard_v60_e1277_s2.txt,Java,,,,
medium\hard\hard_v60_e1277_s2.txt,Python,,,,
medium\hard\hard_v80_e1943_s0.txt,C++,,,,
medium\hard\hard_v80_e1943_s0.txt,Java,,,,
medium\hard\hard_v80_e1943_s0.txt,Python,,,,
medium\random\random_v40_e400_s0.txt,C++,,,,
medium\random\random_v40_e400_s0.txt,Java,8,478.8783,11,0.203
medium\random\random_v40_e400_s0.txt,Python,,,,
medium\hard\hard_v80_e1964_s2.txt,C++,,,,
medium\hard\hard_v80_e1964_s2.txt,Java,,,,
medium\hard\hard_v80_e1964_s2.txt,Python,,,,
medium\hard\hard_v80_e2167_s1.txt,C++,,,,
medium\hard\hard_v80_e2167_s1.txt,Java,,,,
medium\hard\hard_v80_e2167_s1.txt,Python,,,,
medium\random\random_v40_e149_s1.txt,C++,,,,
medium\random\random_v40_e149_s1.txt,Java,,,,
medium\random\random_v40_e149_s1.txt,Python,,,,
medium\random\random_v60_e1401_s1.txt,C++,,,,
medium\random\random_v60_e1401_s1.txt,Java,,,,
medium\random\random_v60_e1401_s1.txt,Python,,,,
medium\random\random_v60_e1412_s0.txt,C++,,,,
medium\random\random_v60_e1412_s0.txt,Java,,,,
medium\random\random_v60_e1412_s0.txt,Python,,,,
medium\random\random_v60_e1414_s2.txt,C++,,,,
medium\random\random_v60_e1414_s2.txt,Java,,,,
medium\random\random_v60_e1414_s2.txt,Python,,,,
medium\structured\structured_v40_e501_s0.txt,C++,5,0.745,6,0.015
medium\structured\structured_v40_e501_s0.txt,Java,5,0.1704,6,0.1424
medium\structured\structured_v40_e501_s0.txt,Python,5,0.31,7,0.12
medium\structured\structured_v40_e517_s2.txt,C++,5,39.5007,5,0.0141
medium\structured\structured_v40_e517_s2.txt,Java,5,0.0965,5,0.2637
medium\structured\structured_v40_e517_s2.txt,Python,5,0.19,7,0.13
medium\random\random_v60_e335_s1.txt,C++,,,,
medium\random\random_v60_e335_s1.txt,Java,,,,
medium\random\random_v60_e335_s1.txt,Python,,,,
medium\structured\structured_v40_e533_s1.txt,C++,4,6.4567,6,0.0151
medium\structured\structured_v40_e533_s1.txt,Java,4,0.1515,6,0.1455
medium\structured\structured_v40_e533_s1.txt,Python,4,0.31,8,0.14
medium\random\random_v60_e338_s2.txt,C++,,,,
medium\random\random_v60_e338_s2.txt,Java,,,,
medium\random\random_v60_e338_s2.txt,Python,,,,
medium\structured\structured_v60_e915_s1.txt,C++,6,770.5127,7,0.0273
medium\structured\structured_v60_e915_s1.txt,Java,6,0.3981,7,0.2335
medium\structured\structured_v60_e915_s1.txt,Python,6,1.23,6,0.21
medium\structured\structured_v60_e912_s0.txt,C++,7,3156.7573,10,0.0307
medium\structured\structured_v60_e912_s0.txt,Java,7,0.5527,10,0.2783
medium\structured\structured_v60_e912_s0.txt,Python,7,3.2,12,0.28
medium\random\random_v60_e351_s0.txt,C++,,,,
medium\random\random_v60_e351_s0.txt,Java,,,,
medium\random\random_v60_e351_s0.txt,Python,,,,
medium\random\random_v60_e860_s1.txt,C++,,,,
medium\random\random_v60_e860_s1.txt,Java,,,,
medium\random\random_v60_e860_s1.txt,Python,,,,
medium\structured\structured_v80_e1398_s2.txt,C++,8,555.1027,20,0.0589
medium\structured\structured_v80_e1398_s2.txt,Java,8,1.7408,20,0.4469
medium\structured\structured_v80_e1398_s2.txt,Python,8,16.28,11,0.37
medium\structured\structured_v60_e889_s2.txt,C++,7,5281.3569,10,0.0339
medium\structured\structured_v60_e889_s2.txt,Java,7,0.6071,10,0.2768
medium\structured\structured_v60_e889_s2.txt,Python,7,1.51,8,0.47
medium\random\random_v60_e870_s2.txt,C++,,,,
medium\random\random_v60_e870_s2.txt,Java,,,,
medium\random\random_v60_e870_s2.txt,Python,,,,
medium\random\random_v60_e885_s0.txt,C++,,,,
medium\random\random_v60_e885_s0.txt,Java,,,,
medium\random\random_v60_e885_s0.txt,Python,,,,
medium\random\random_v80_e1558_s2.txt,C++,,,,
medium\random\random_v80_e1558_s2.txt,Java,,,,
medium\random\random_v80_e1558_s2.txt,Python,,,,
medium\random\random_v80_e1543_s1.txt,C++,,,,
medium\random\random_v80_e1543_s1.txt,Java,,,,
medium\random\random_v80_e1543_s1.txt,Python,,,,
medium\random\random_v80_e1564_s0.txt,C++,,,,
medium\random\random_v80_e1564_s0.txt,Java,,,,
medium\random\random_v80_e1564_s0.txt,Python,,,,
medium\random\random_v80_e2507_s1.txt,C++,,,,
medium\random\random_v80_e2507_s1.txt,Java,,,,
medium\random\random_v80_e2507_s1.txt,Python,,,,
medium\random\random_v80_e2525_s0.txt,C++,,,,
medium\random\random_v80_e2525_s0.txt,Java,,,,
medium\random\random_v80_e2525_s0.txt,Python,,,,
medium\random\random_v80_e2533_s2.txt,C++,,,,
medium\random\random_v80_e2533_s2.txt,Java,,,,
medium\random\random_v80_e2533_s2.txt,Python,,,,
medium\random\random_v80_e593_s2.txt,C++,,,,
medium\random\random_v80_e593_s2.txt,Java,,,,
medium\random\random_v80_e593_s2.txt,Python,,,,
medium\structured\structured_v80_e1340_s0.txt,C++,,,,
medium\structured\structured_v80_e1340_s0.txt,Java,9,8.6605,13,0.3765
medium\structured\structured_v80_e1340_s0.txt,Python,9,194.51,16,0.49
medium\structured\structured_v80_e1358_s1.txt,C++,,,,
medium\structured\structured_v80_e1358_s1.txt,Java,8,0.9081,21,0.4469
medium\structured\structured_v80_e1358_s1.txt,Python,8,5.06,15,0.44
medium\random\random_v80_e624_s1.txt,C++,,,,
medium\random\random_v80_e624_s1.txt,Java,,,,
medium\random\random_v80_e624_s1.txt,Python,,,,
large\hard\hard_v200_e12196_s0.txt,C++,,,,
large\hard\hard_v200_e12196_s0.txt,Java,,,,
large\hard\hard_v200_e12196_s0.txt,Python,,,,
large\hard\hard_v500_e79177_s2.txt,C++,,,,
large\hard\hard_v500_e79177_s2.txt,Java,,,,
large\hard\hard_v500_e79177_s2.txt,Python,,,,
large\hard\hard_v200_e12527_s1.txt,C++,,,,
large\hard\hard_v200_e12527_s1.txt,Java,,,,
large\hard\hard_v200_e12527_s1.txt,Python,,,,
large\hard\hard_v500_e75652_s0.txt,C++,,,,
large\hard\hard_v500_e75652_s0.txt,Java,,,,
large\hard\hard_v500_e75652_s0.txt,Python,,,,
large\hard\hard_v500_e77199_s1.txt,C++,,,,
large\hard\hard_v500_e77199_s1.txt,Java,,,,
large\hard\hard_v500_e77199_s1.txt,Python,,,,
large\hard\hard_v200_e13133_s2.txt,C++,,,,
large\hard\hard_v200_e13133_s2.txt,Java,,,,
large\hard\hard_v200_e13133_s2.txt,Python,,,,
medium\random\random_v80_e634_s0.txt,C++,,,,
medium\random\random_v80_e634_s0.txt,Java,,,,
medium\random\random_v80_e634_s0.txt,Python,,,,
large\hard\hard_v100_e3055_s0.txt,C++,,,,
large\hard\hard_v100_e3055_s0.txt,Java,,,,
large\hard\hard_v100_e3055_s0.txt,Python,,,,
large\hard\hard_v100_e3248_s1.txt,C++,,,,
large\hard\hard_v100_e3248_s1.txt,Java,,,,
large\hard\hard_v100_e3248_s1.txt,Python,,,,
large\hard\hard_v100_e3361_s2.txt,C++,,,,
large\hard\hard_v100_e3361_s2.txt,Java,,,,
large\hard\hard_v100_e3361_s2.txt,Python,,,,
large\random\random_v100_e2444_s0.txt,C++,,,,
large\random\random_v100_e2444_s0.txt,Java,,,,
large\random\random_v100_e2444_s0.txt,Python,,,,
large\random\random_v100_e2464_s2.txt,C++,,,,
large\random\random_v100_e2464_s2.txt,Java,,,,
large\random\random_v100_e2464_s2.txt,Python,,,,
large\random\random_v100_e2466_s1.txt,C++,,,,
large\random\random_v100_e2466_s1.txt,Java,,,,
large\random\random_v100_e2466_s1.txt,Python,,,,
large\random\random_v100_e3916_s1.txt,C++,,,,
large\random\random_v100_e3916_s1.txt,Java,,,,
large\random\random_v100_e3916_s1.txt,Python,,,,
large\random\random_v100_e3941_s0.txt,C++,,,,
large\random\random_v100_e3941_s0.txt,Java,,,,
large\random\random_v100_e3941_s0.txt,Python,,,,
large\random\random_v200_e15889_s2.txt,C++,,,,
large\random\random_v200_e15889_s2.txt,Java,,,,
large\random\random_v200_e15889_s2.txt,Python,,,,
large\random\random_v200_e15931_s0.txt,C++,,,,
large\random\random_v200_e15931_s0.txt,Java,,,,
large\random\random_v200_e15931_s0.txt,Python,,,,
large\random\random_v200_e15891_s1.txt,C++,,,,
large\random\random_v200_e15891_s1.txt,Java,,,,
large\random\random_v200_e15891_s1.txt,Python,,,,
large\random\random_v200_e3923_s2.txt,C++,,,,
large\random\random_v200_e3923_s2.txt,Java,,,,
large\random\random_v200_e3923_s2.txt,Python,,,,
large\random\random_v100_e3971_s2.txt,C++,,,,
large\random\random_v100_e3971_s2.txt,Java,,,,
large\random\random_v100_e3971_s2.txt,Python,,,,
large\random\random_v200_e3948_s0.txt,C++,,,,
large\random\random_v200_e3948_s0.txt,Java,,,,
large\random\random_v200_e3948_s0.txt,Python,,,,
large\random\random_v200_e4044_s1.txt,C++,,,,
large\random\random_v200_e4044_s1.txt,Java,,,,
large\random\random_v200_e4044_s1.txt,Python,,,,
large\random\random_v200_e9873_s0.txt,C++,,,,
large\random\random_v200_e9873_s0.txt,Java,,,,
large\random\random_v200_e9873_s0.txt,Python,,,,
large\random\random_v100_e960_s2.txt,C++,,,,
large\random\random_v100_e960_s2.txt,Java,,,,
large\random\random_v100_e960_s2.txt,Python,,,,
large\random\random_v100_e990_s1.txt,C++,,,,
large\random\random_v100_e990_s1.txt,Java,,,,
large\random\random_v100_e990_s1.txt,Python,,,,
large\random\random_v100_e974_s0.txt,C++,,,,
large\random\random_v100_e974_s0.txt,Java,,,,
large\random\random_v100_e974_s0.txt,Python,,,,
large\random\random_v200_e9915_s1.txt,C++,,,,
large\random\random_v200_e9915_s1.txt,Java,,,,
large\random\random_v200_e9915_s1.txt,Python,,,,
large\random\random_v200_e9975_s2.txt,C++,,,,
large\random\random_v200_e9975_s2.txt,Java,,,,
large\random\random_v200_e9975_s2.txt,Python,,,,
large\random\random_v500_e24748_s2.txt,C++,,,,
large\random\random_v500_e24748_s2.txt,Java,,,,
large\random\random_v500_e24748_s2.txt,Python,,,,
large\random\random_v500_e25064_s1.txt,C++,,,,
large\random\random_v500_e25064_s1.txt,Java,,,,
large\random\random_v500_e25064_s1.txt,Python,,,,
large\random\random_v500_e25076_s0.txt,C++,,,,
large\random\random_v500_e25076_s0.txt,Java,,,,
large\random\random_v500_e25076_s0.txt,Python,,,,
large\structured\structured_v100_e1959_s1.txt,C++,,,,
large\structured\structured_v100_e1959_s1.txt,Java,10,23.6135,15,0.4481
large\structured\structured_v100_e1959_s1.txt,Python,10,1029.0,18,0.63
large\structured\structured_v100_e2017_s2.txt,C++,,,,
large\structured\structured_v100_e2017_s2.txt,Java,10,5.4513,15,0.5602
large\structured\structured_v100_e2017_s2.txt,Python,10,96.12,18,0.61
large\random\random_v500_e62205_s2.txt,C++,,,,
large\random\random_v500_e62205_s2.txt,Java,,,,
large\random\random_v500_e62205_s2.txt,Python,,,,
large\random\random_v500_e62440_s1.txt,C++,,,,
large\random\random_v500_e62440_s1.txt,Java,,,,
large\random\random_v500_e62440_s1.txt,Python,,,,
large\random\random_v500_e62475_s0.txt,C++,,,,
large\random\random_v500_e62475_s0.txt,Java,,,,
large\random\random_v500_e62475_s0.txt,Python,,,,
large\random\random_v500_e99664_s1.txt,C++,,,,
large\random\random_v500_e99664_s1.txt,Java,,,,
large\random\random_v500_e99664_s1.txt,Python,,,,
large\structured\structured_v100_e1955_s0.txt,C++,,,,
large\structured\structured_v100_e1955_s0.txt,Java,11,116.6823,19,0.4961
large\structured\structured_v100_e1955_s0.txt,Python,11,6559.61,14,0.53
large\random\random_v500_e99716_s0.txt,C++,,,,
large\random\random_v500_e99716_s0.txt,Java,,,,
large\random\random_v500_e99716_s0.txt,Python,,,,
large\random\random_v500_e99802_s2.txt,C++,,,,
large\random\random_v500_e99802_s2.txt,Java,,,,
large\random\random_v500_e99802_s2.txt,Python,,,,
large\structured\structured_v200_e6003_s2.txt,C++,,,,
large\structured\structured_v200_e6003_s2.txt,Java,,,,
large\structured\structured_v200_e6003_s2.txt,Python,,,,
large\structured\structured_v200_e5807_s0.txt,C++,,,,
large\structured\structured_v200_e5807_s0.txt,Java,,,,
large\structured\structured_v200_e5807_s0.txt,Python,,,,
large\structured\structured_v200_e6079_s1.txt,C++,,,,
large\structured\structured_v200_e6079_s1.txt,Java,,,,
large\structured\structured_v200_e6079_s1.txt,Python,,,,
large\structured\structured_v500_e29695_s2.txt,C++,,,,
large\structured\structured_v500_e29695_s2.txt,Java,,,,
large\structured\structured_v500_e29695_s2.txt,Python,,,,
large\structured\structured_v500_e29862_s1.txt,C++,,,,
large\structured\structured_v500_e29862_s1.txt,Java,,,,
large\structured\structured_v500_e29862_s1.txt,Python,,,,
large\structured\structured_v500_e29978_s0.txt,C++,,,,
large\structured\structured_v500_e29978_s0.txt,Java,,,,
large\structured\structured_v500_e29978_s0.txt,Python,,,,
